spi6d-sktuf-7uxvh-lnaku-l2onl-w66dw-cvx76-kn7jl-i5mcg-3fde3-cqe,LenGte(7),1
d4cuv-f7odn-d7ja6-myd6x-wnfi3-d4m7i-2d5kn-hmnx3-tj7at-wzs2q-vae,LenGte(7),1
kdxek-pvzvo-m5jjg-j3xn3-torx7-7oake-5gx24-qlh43-izaj4-xum6l-dae,LenGte(7),10
sfdod-3wspn-6tuzn-l7pvl-gbboi-qtbgz-l3yj6-4vfet-xsonk-rfh35-3qe,LenGte(7),10
2uz45-vj6r5-lis2z-wwbv6-ahxba-jcgy7-2edj3-giqpi-52y3j-764du-mae,LenGte(7),10
jy3r2-z7yki-6jqzd-khitu-shrqq-cqjur-u6ra5-phdfd-yzta5-z7z2e-sae,LenGte(7),10
76ltr-6bsc3-6ythr-3lmhu-lhw4t-bgwog-umuyk-lk3an-3wvhz-rb7hj-sqe,LenGte(7),10
dagsa-2ib6m-2gzkk-gmqh7-wc3xe-6vgxm-dptl3-lqo6o-6ot6b-hjidp-oqe,LenGte(7),10
dktiq-kzs4e-3v4vy-en2kc-2ir2b-xdkcq-lhhox-dcjgo-wis6z-kjfzg-bqe,LenGte(7),10
swdt4-bhmyv-5qkdx-plkiz-mciws-mz5ez-k4cz7-jl4b4-ya4hy-3srgb-mae,LenGte(7),10
b2kqo-aehxn-5k7ll-d3qro-vucqc-4pj55-fttvb-ool3p-3yhzy-pkhvv-zae,LenGte(7),10
onu3g-f5zqz-2qz2s-xryo2-24yrv-xvarh-bceyk-egik4-wmjkf-tvy5t-fae,LenGte(7),10
l5ath-xpzmm-nrvss-tlwt6-vdakg-qhmhg-t4nuc-4ai42-z72d7-jswu4-gae,LenGte(7),10
breaz-za2qu-2a7rq-evyzz-medr6-762yn-ilfio-moa3o-vq3nj-s7zq5-iqe,LenGte(7),10
sja5j-zv6yf-dvjli-l4qg6-e634h-7wqug-jhc45-j6xgc-zssso-gfo6h-cae,LenGte(7),10
6nofg-isda2-axmts-jjrpa-xxs4i-tlb5y-ppukm-ytqv7-q4rnx-t3wdo-iqe,LenGte(7),10
azqx7-u6onz-5gjmk-ul3fq-lg7xf-krzgo-g5ymk-h2fhq-6pm4h-2ozvu-pae,LenGte(7),10
lnsa6-savcf-sx2so-hnmea-pnvkz-xsrz5-vejpr-culww-lnubm-ha3ig-cae,LenGte(7),10
gs3zf-i2xpp-sj7zz-ditrg-kbtfn-ozrvp-haaba-ejots-pskhx-5qfvo-7ae,LenGte(7),10
xz5a5-xll42-skumk-xruwg-pfj2k-i7jz3-5oyso-q4eaz-omopa-op2k4-7qe,LenGte(7),10
ushp2-ko6yk-dtcon-oefyq-qxxq4-v3zle-d4e3a-gotlm-bgfwy-4jh6h-fqe,LenGte(7),10
32bgw-phjlz-vjsk3-jwnmd-ukbkt-lpxu5-pikn2-gzmcd-u2tsk-iddwr-qqe,LenGte(7),10
ocm3z-6jyo2-xypcq-uchk4-7mhnj-q3wyb-slscx-37fbv-zjeuh-5mfqm-eae,LenGte(7),10
tc3l6-u6qzd-eax6l-npirr-h5yzx-ehhmw-jphqr-xcszr-shjso-hb2xc-uqe,LenGte(7),10
6xcjf-7z2vr-kepm4-43554-fjtww-c7epx-7ogt3-n5vtx-thzvc-vsbro-lae,LenGte(7),10
sqjpa-2m4in-2nbmq-zzgvi-kiirj-5zebg-xiekq-j25xv-agrev-hfycv-wqe,LenGte(7),10
oidss-vr3u7-s25xj-bfeos-hqdbo-np3l4-6e6uf-l3zxt-ph6xg-frgbo-fqe,LenGte(7),10
7ae6h-fzx7p-4sihw-6mkdi-ctxum-fcvjv-e2yry-gr62u-7m5la-chqrq-kqe,LenGte(7),10
dptyu-wnp5w-xgalm-sds2l-gciob-d7xdq-dwhxz-xnnld-7h2ol-s6blu-cae,LenGte(7),10
ltyes-ehary-dzen3-dz664-jkf4s-lo2dn-rpss5-wqajj-xhyzo-ek267-oae,LenGte(7),10
5jgpo-zpuhi-6kwwm-2o62v-lsocj-mh7pi-khlck-3p6lj-iu7hn-hycqr-jae,LenGte(7),10
t6oqz-x4ebf-67nst-zhd6j-mcitq-rqjhg-52pzf-ckydb-iac47-vtb3o-kae,LenGte(7),10
cobad-qm5ac-pzco2-xfqjg-6gpab-djn6y-uslqi-ihfkl-mr2vv-flbwy-tae,LenGte(7),10
6tpd3-jif4e-jo6ad-nfixu-jroac-72wgk-m4q2h-bpvyo-nh5qq-lf4sy-oqe,LenGte(7),10
oucig-7lzta-m3e7u-pj4m6-lb4uq-zinob-h62lc-bno45-4coe6-fvn6n-rae,LenGte(7),10
ivhdm-b34y5-tov25-e3fov-ktn2z-pavqv-pqytx-dkr66-wadtc-xubbw-6qe,LenGte(7),10
5r2tl-rktjt-xdg3n-ywr72-7ervu-gz3w3-dvwx4-lfuvy-ufohn-j5vnz-sqe,LenGte(7),10
gv5hj-7c35s-22ge7-ee6w5-he7yr-6hoos-c5rvz-voa2h-kgrfc-yd2qd-kqe,LenGte(7),10
kybdf-fedcl-tggid-qtvxp-vpjty-zg7v2-plsb5-2jzmx-cziyf-r3b7e-6qe,LenGte(7),10
px2by-hfeuk-6sifk-zttvt-btbv3-qodju-4btlf-insrn-k55hr-4yzwx-uae,LenGte(7),10
zui3y-fetca-a52dv-q3qip-qpdtx-rv75v-4ffih-x2s6x-qlu4c-o6dt2-pae,LenGte(7),10
gcuwq-gnku7-ku6ef-xm66t-ofsaj-n4t6d-5pryx-kzkqt-zwpyl-rgv6w-rae,LenGte(7),10
qzt4g-sx3vh-ovunx-jclrb-rvhvo-twycj-3ndq2-paf42-d7iqy-klblg-bqe,LenGte(7),10
aog2c-4haak-oxmok-cbqmv-mjcs2-l2vgn-l3apt-dmex5-qonu6-2f3rz-iqe,LenGte(7),10
izbaa-g6dix-4xfda-dx6gu-wk2gy-jeje7-gf44o-qzap5-qf32g-tqzjl-wqe,LenGte(7),10
trhzc-5vere-4fhig-dpt3e-vxa56-c7yjj-5yu4q-xjlpx-xc5y4-a5445-iqe,LenGte(7),10
qypf6-73usx-6gdt2-flfc6-udjn5-hpzdh-ajvdj-vn7wf-sdk3y-wr3zj-sqe,LenGte(7),10
iyb3j-mfvzd-nyu7v-m3kvb-q2rk5-nvozv-gaae6-ebdjd-sdzcq-lclig-iae,LenGte(7),10
foesn-z5o47-wb2a5-ukk5p-h5gxd-dynat-k2mdd-2z5ip-6bvzy-w7mdt-mae,LenGte(7),10
cckwb-bbumu-cdiqk-i2aym-auwbm-ngokz-4r2jq-5zeoe-kbzh6-4l4ny-jqe,LenGte(7),10
pbz3s-tgmar-vkxsa-y5kjq-pp3oh-6tkqn-i6ne7-7ydj4-zzi6d-mhnmu-3qe,LenGte(7),10
3ktnb-chjtm-myqyf-4crrk-febvl-7pdqt-ayzl3-rnbvc-qvvho-lrhzv-rae,LenGte(7),10
2nydz-ninxm-2kqli-rkaww-vve2z-3twvx-zvyvb-wusch-jvkwp-s2nx5-zqe,LenGte(7),10
vofvy-audrt-ke7xq-bqm4t-vqdba-i275m-pj6mn-vc6jg-m2tia-nebaw-jqe,LenGte(7),10