name,operation,key,value
satoshi1.ic,InsertOrIgnore,account_id.icp,fw22m-w7i7s-ay62i-veqnh-36lmq-7gjdv-yhxq4-wf4bv-6amz4-2glys-2ae
sembujung87.ic,InsertOrIgnore,account_id.icp,f6l2b-qvtc7-5eb73-u6iab-rb4k4-izxug-y4g3x-b2uyr-nno77-w5h24-5ae
hwrd.ic,InsertOrIgnore,account_id.icp,liykr-e3k6p-5f44j-w7fw3-oyj6z-55p4u-s5in7-aa637-zf5d6-zkpms-pae
igorbrasil.ic,InsertOrIgnore,account_id.icp,heyio-7aet3-6ksq2-yveot-xmpiy-cyij4-2mc74-zttos-h7j7z-efdpz-rqe
olaitantm.ic,InsertOrIgnore,account_id.icp,6rucj-dmper-aklx4-i5sro-wbp6r-nqb4g-ssoen-xsmnv-hbnwo-meyqu-fqe
libgen.ic,InsertOrIgnore,account_id.icp,i3wcj-2gtmr-2iqng-ojtre-dppux-zcfqu-mln4q-lhniw-5mbwu-vymgz-rae
icpibtc.ic,InsertOrIgnore,account_id.icp,z5tfs-klyix-7n2s3-iutem-vke32-5zaw2-bf5wa-bcnfv-q2lar-2t7le-kae
searchic.ic,InsertOrIgnore,account_id.icp,vkavx-tothv-w3qwp-ppqhg-otcvs-gisgq-6kmlq-5fje7-vojcg-qmskk-2ae
kyotocoffee.ic,InsertOrIgnore,account_id.icp,avugp-tmcm3-c2g7y-6kgef-cyil2-3mskn-wks6k-wc6t2-n5h63-etffj-7ae
poker.ic,InsertOrIgnore,account_id.icp,bomo5-2mfg3-vu4e3-2h3ug-gimws-2eg7i-agqhn-c2wtk-l5oui-yeo36-jqe
antoniorellana.ic,InsertOrIgnore,account_id.icp,p3djc-tvilu-hqrdh-kbnza-mk3s7-e3grx-u37vl-6mhhs-b5wy5-x5hpm-gqe
hassaku.ic,InsertOrIgnore,account_id.icp,tglhf-erlvc-islgc-adq77-kagd6-34n3v-u6ise-a7iow-gke47-5uqc6-hqe
metapass.ic,InsertOrIgnore,account_id.icp,lhuod-hdmaf-susrk-ceufk-wwxev-adz2g-54hyk-epcp2-ukdnp-fbkip-iqe
icmedalog.ic,InsertOrIgnore,account_id.icp,6pr3l-cwwqq-b4n7n-bm3f4-azpnt-3ju5m-74dzo-svbov-czmbp-zlana-xqe
accuragen.ic,InsertOrIgnore,account_id.icp,houv7-4pcce-c66kx-erjfw-3hu3m-r53nz-zk4ke-infsi-gzikb-rnxgb-bqe
onarcism.ic,InsertOrIgnore,account_id.icp,v3xwz-kisxg-jic3y-fbidq-d4yl2-lcmzk-w6b5j-c2p7e-ec5ue-sw3fy-iqe
rambler.ic,InsertOrIgnore,account_id.icp,eyqu4-4qlxw-btbh7-xylzw-eljmk-ldokn-zetud-gatfy-3anwg-2pkqm-uqe
000.ic,InsertOrIgnore,account_id.icp,bomo5-2mfg3-vu4e3-2h3ug-gimws-2eg7i-agqhn-c2wtk-l5oui-yeo36-jqe
archie.ic,InsertOrIgnore,account_id.icp,yecb4-ycezn-gqc3w-pchje-2rhrp-5l7r6-zme3s-fmuuq-t5gff-fen7g-hae
klasspro.ic,InsertOrIgnore,account_id.icp,6ag6c-iz2ap-k32ux-hvvwe-vxhzp-igkcc-iwxgj-cjp2d-rv7pm-srkik-uqe
skole.ic,InsertOrIgnore,account_id.icp,bomo5-2mfg3-vu4e3-2h3ug-gimws-2eg7i-agqhn-c2wtk-l5oui-yeo36-jqe
singlau.ic,InsertOrIgnore,account_id.icp,q2k4c-3kge6-xd5du-tx2vx-74nlq-kkzyk-me47g-42fwy-v5kgl-ife3c-2ae
moonapp.ic,InsertOrIgnore,account_id.icp,vooud-zl7se-keows-42age-b5yix-bwfoj-tnyko-rejab-o2hch-as7am-sae
paymewith.ic,InsertOrIgnore,account_id.icp,c4mju-tost7-fxlfd-nmhd6-q5efi-xruga-cal7p-lg6iy-jiltf-xvcdb-fqe
cryptocard.ic,InsertOrIgnore,account_id.icp,avbmn-v4cve-3kiho-feb6t-xzau6-chtdh-ynwi6-d7hxd-cthad-lepoj-dae
dacapableayo.ic,InsertOrIgnore,account_id.icp,rlg7f-7arxx-widc3-lat7x-f6ffk-yz5u6-xgeql-n4umo-cs542-5boqv-4ae
job.ic,InsertOrIgnore,account_id.icp,bomo5-2mfg3-vu4e3-2h3ug-gimws-2eg7i-agqhn-c2wtk-l5oui-yeo36-jqe
andrei.ic,InsertOrIgnore,account_id.icp,3jbpx-to2bs-xjxqe-aiv5j-dpz56-xylyb-4yni6-l56u5-w5p7v-py6ch-gqe
brandlab.ic,InsertOrIgnore,account_id.icp,iyb3j-mfvzd-nyu7v-m3kvb-q2rk5-nvozv-gaae6-ebdjd-sdzcq-lclig-iae
luffy.ic,InsertOrIgnore,account_id.icp,vkexe-qkgpf-6rhqx-fmrxu-xnpan-bg66p-dhsia-3io7q-23rqh-uej7s-6qe
yuyuyu.ic,InsertOrIgnore,account_id.icp,kxbd7-3z23e-gnmjv-c33bq-sqkpq-ous2j-sq2mb-z2olc-yxems-vu5to-oqe
robot.ic,InsertOrIgnore,account_id.icp,7rypc-snjiu-fzskr-jyzvk-kxgdu-dl3s7-ykqcj-f6ppt-ff42h-bv7y2-qqe
yasai-furikake.ic,InsertOrIgnore,account_id.icp,452wg-bvi37-h2ig7-egmea-5nfpv-6lmq4-5f3sd-jhxlr-2vodg-qlktz-4ae
0069.ic,InsertOrIgnore,account_id.icp,bomo5-2mfg3-vu4e3-2h3ug-gimws-2eg7i-agqhn-c2wtk-l5oui-yeo36-jqe
icpportal.ic,InsertOrIgnore,account_id.icp,5ixgs-qzsvf-mwfon-ku2ua-slx3b-6yg6n-fa7rt-q4bpa-3nrj3-5zioc-oae
dapps.ic,InsertOrIgnore,account_id.icp,bomo5-2mfg3-vu4e3-2h3ug-gimws-2eg7i-agqhn-c2wtk-l5oui-yeo36-jqe
heng30.ic,InsertOrIgnore,account_id.icp,ms7ts-zekct-5uxb5-k2ubk-6aqpb-qfhc2-u5u6f-hcib6-elbg2-6zxep-eae
cqwerty.ic,InsertOrIgnore,account_id.icp,qrwpp-auweb-g542b-zxulr-wqq5p-uai3b-vujvu-u7kjj-7kbh4-ympbb-lae
play.ic,InsertOrIgnore,account_id.icp,bomo5-2mfg3-vu4e3-2h3ug-gimws-2eg7i-agqhn-c2wtk-l5oui-yeo36-jqe
slayffin.ic,InsertOrIgnore,account_id.icp,7p4f2-mwdsf-i4lyo-i7fkd-grfb2-nosfi-nh4gn-fuwkb-a5gdh-jh5y7-hqe
jamesgreer.ic,InsertOrIgnore,account_id.icp,6dzvc-i5vgl-q5zuj-2zymh-sphfk-2rm46-jhubr-qj4mk-sxox2-ryzme-pqe
kurisu.ic,InsertOrIgnore,account_id.icp,3d3of-wgym3-wnkja-6na5f-ty67a-ppvbu-elrx3-ykta2-3oyq3-5e4b6-fqe
mr-media.ic,InsertOrIgnore,account_id.icp,yzjla-tbsk2-crj5l-ba3zk-okqzu-s4j3c-xnadv-u6dck-etn37-lyabm-dae
sport.ic,InsertOrIgnore,account_id.icp,bomo5-2mfg3-vu4e3-2h3ug-gimws-2eg7i-agqhn-c2wtk-l5oui-yeo36-jqe
anycontract.ic,InsertOrIgnore,account_id.icp,ydlil-jl564-inguw-xdc4l-ezmw5-auii6-6dfvq-v4n4r-ic4kh-a5llh-kae
agent-js.ic,InsertOrIgnore,account_id.icp,ycrxc-wiiym-cghia-slzam-ouyhd-4xojs-vrrug-fvcqd-aibag-22sup-pqe
jobs.ic,InsertOrIgnore,account_id.icp,bomo5-2mfg3-vu4e3-2h3ug-gimws-2eg7i-agqhn-c2wtk-l5oui-yeo36-jqe
rieper-holm.ic,InsertOrIgnore,account_id.icp,bomo5-2mfg3-vu4e3-2h3ug-gimws-2eg7i-agqhn-c2wtk-l5oui-yeo36-jqe
bitcoinglobal.ic,InsertOrIgnore,account_id.icp,itlnn-iizde-xwra7-jr6p7-ucycn-iits4-fz3c7-5sqrf-7pwui-gy4yl-eqe
uddannelse.ic,InsertOrIgnore,account_id.icp,bomo5-2mfg3-vu4e3-2h3ug-gimws-2eg7i-agqhn-c2wtk-l5oui-yeo36-jqe
sloth.ic,InsertOrIgnore,account_id.icp,ut5ul-eij6p-oxjq7-je3gj-ctqwd-nlvs3-vqdwd-au3hu-6pqeg-gfkxz-uae
crypto0.ic,InsertOrIgnore,account_id.icp,u7hlj-lors3-iemi2-fozji-3ibsz-e6mol-hzglu-5byym-zegz3-mq6fg-4ae
bakayaro.ic,InsertOrIgnore,account_id.icp,nhl53-z3akc-alrfk-tjgvj-snjga-5xos5-6ohjg-k6nh6-m4rhq-mapys-nae
jjjjjjj.ic,InsertOrIgnore,account_id.icp,xnoq2-rlsnn-tkbi6-vpatu-ckxmv-df7xf-kx4zm-rnj2q-e64g6-uwslw-eqe
entris.ic,InsertOrIgnore,account_id.icp,6ag6c-iz2ap-k32ux-hvvwe-vxhzp-igkcc-iwxgj-cjp2d-rv7pm-srkik-uqe
kintsugi.ic,InsertOrIgnore,account_id.icp,iolfx-xcizn-x7275-e3wkc-o7dta-v5myu-2jgn2-bxaqc-jh3c4-btu7w-gqe
khalina.ic,InsertOrIgnore,account_id.icp,rcdok-u75r6-dw3eo-kzdpl-ang56-mols4-hc2st-ts76a-lha6o-cqqo7-gqe
blockarts.ic,InsertOrIgnore,account_id.icp,gkx77-m4hty-2kcpr-4mfjs-2rjna-ajruv-xqqbb-nkepx-4p6co-nvtny-rae
petar.ic,InsertOrIgnore,account_id.icp,3hlwz-ryk36-h73vh-ue23z-ljkyw-nsx5p-aqfvr-4b2f4-5r3zw-kgdfe-wae
mail.ic,InsertOrIgnore,account_id.icp,bomo5-2mfg3-vu4e3-2h3ug-gimws-2eg7i-agqhn-c2wtk-l5oui-yeo36-jqe
yokohama.ic,InsertOrIgnore,account_id.icp,6qkgz-qijof-zr7bj-zclhn-3gwu5-gx55d-6xhrk-uhq2w-dls73-cxas2-qqe
city.ic,InsertOrIgnore,account_id.icp,bomo5-2mfg3-vu4e3-2h3ug-gimws-2eg7i-agqhn-c2wtk-l5oui-yeo36-jqe
astroboy.ic,InsertOrIgnore,account_id.icp,5jmv2-rq47k-2zj5w-rrrmz-ftjin-4jf2l-hqlxd-6qrmq-xo6eq-ozzco-tqe
parents.ic,InsertOrIgnore,account_id.icp,covzn-mggz7-lcbx4-o5syx-sno2s-65yxj-wnl2g-hyxqc-ebydt-sl3j5-eqe
aryshfahmi.ic,InsertOrIgnore,account_id.icp,gifvn-egkm5-zi5zh-555qd-uhljn-dze2y-c4fse-7ddlu-uswc7-gpvvb-kqe
086010.ic,InsertOrIgnore,account_id.icp,us36n-q745p-fxltt-6oydb-7l7zf-wtwtr-m2dil-iqkfu-vick2-dk64f-eqe
sowmarler.ic,InsertOrIgnore,account_id.icp,v2x6g-3ugf3-vyl5x-gs6ir-u3z7p-khywx-qdugj-qwmx3-zgpuu-gns2y-uqe
replikant.ic,InsertOrIgnore,account_id.icp,xp7em-7gh3h-ho76n-wsqpg-tyapy-ye5ay-dvhat-gesra-pqxdp-mbujz-4qe
edu.ic,InsertOrIgnore,account_id.icp,bomo5-2mfg3-vu4e3-2h3ug-gimws-2eg7i-agqhn-c2wtk-l5oui-yeo36-jqe
janosch.ic,InsertOrIgnore,account_id.icp,nazwi-zyjsg-hxu6q-siwp2-wrnrx-lmno2-26yuq-hz273-wxfnm-gpkiz-iae
nftfloor.ic,InsertOrIgnore,account_id.icp,ojazv-he2wj-bmvkr-rkuzf-befzn-obinb-v37i6-v3u43-7yqo2-wy2ad-lae
padambaral.ic,InsertOrIgnore,account_id.icp,it7fc-hdqdv-aq3kh-gmxcd-nakhu-jqwz4-4badk-esbcp-ylfjl-c5hbk-gae
the-qrl.ic,InsertOrIgnore,account_id.icp,wlkf4-v4y6m-eyk2g-l353j-vsbb3-7qgde-zceo7-nnadh-ujkzf-hvsvx-3qe
betaling.ic,InsertOrIgnore,account_id.icp,bomo5-2mfg3-vu4e3-2h3ug-gimws-2eg7i-agqhn-c2wtk-l5oui-yeo36-jqe
yoshinori.ic,InsertOrIgnore,account_id.icp,smpi3-lfmp6-7vi2v-mgyty-uhfub-ysyaz-5jvbr-73ixq-tx6jg-3enm2-hae
catpirate.ic,InsertOrIgnore,account_id.icp,y6b2g-u7apn-hbkzx-vbnfl-oj5ca-35ppe-duz7r-4q5rw-x6z6j-pyeto-oqe
karinchan.ic,InsertOrIgnore,account_id.icp,lb4jl-utfao-hrfpw-qlyux-evp7u-ne472-g65zx-z2wkn-r54qt-lqnhf-jqe
oxygenn.ic,InsertOrIgnore,account_id.icp,4yz7v-lo7ea-3l3d4-ia4n7-gmkwp-4yypb-crq7z-tw4a3-vijqg-ctq45-mae
ukaznil.ic,InsertOrIgnore,account_id.icp,2rgb2-exq2i-2ofdz-vpzfg-na34v-q54mf-kmvwz-r6dwk-jmfrl-rz4o7-tqe
bynance.ic,InsertOrIgnore,account_id.icp,i7qpd-fadro-tsrzy-3q6lu-fbycc-ie56k-mmadn-vb7aa-khmdo-sfzhz-fqe
izzyfrkz.ic,InsertOrIgnore,account_id.icp,3iocm-ibsj7-7ifej-yzilx-ninyd-bxfmv-ksnd2-5hks3-za43x-ru4xz-mqe
idomin8ion.ic,InsertOrIgnore,account_id.icp,ewi4d-jt5dc-m2izi-qspgh-bygjv-tecbp-mllv3-sd6ti-4frch-rxl6r-rae
ikuyriet.ic,InsertOrIgnore,account_id.icp,ym4zt-t5y5z-qpp3c-fxvpv-xcdrk-52bwn-xr6ap-kjl2z-7dygv-x5fik-yqe
sausagedog.ic,InsertOrIgnore,account_id.icp,bis7f-f44mv-jvolg-qwo2u-h7aeu-u4wj6-lpvhb-vci3j-yqy3v-f7mwp-7ae
duchieu2k2.ic,InsertOrIgnore,account_id.icp,kmsmu-lk3pj-lsldb-4j4hx-5ybkz-hwvoi-3tzhh-xiibv-zk7so-o4xzx-kqe
pisceann29.ic,InsertOrIgnore,account_id.icp,mltkm-zgf33-zbsdz-ycp6h-epvkh-qzazi-n2jl6-c4s67-27lf2-vnrgv-xqe
sundhed.ic,InsertOrIgnore,account_id.icp,bomo5-2mfg3-vu4e3-2h3ug-gimws-2eg7i-agqhn-c2wtk-l5oui-yeo36-jqe
sportsreader.ic,InsertOrIgnore,account_id.icp,bomo5-2mfg3-vu4e3-2h3ug-gimws-2eg7i-agqhn-c2wtk-l5oui-yeo36-jqe
ooooooo.ic,InsertOrIgnore,account_id.icp,xnoq2-rlsnn-tkbi6-vpatu-ckxmv-df7xf-kx4zm-rnj2q-e64g6-uwslw-eqe
jensina.ic,InsertOrIgnore,account_id.icp,xnoq2-rlsnn-tkbi6-vpatu-ckxmv-df7xf-kx4zm-rnj2q-e64g6-uwslw-eqe
trinity500.ic,InsertOrIgnore,account_id.icp,57x7a-63cov-lyuvt-kj2ru-yjzef-g27tq-x435c-tqyqv-hnbqv-q5bew-mqe
morubase.ic,InsertOrIgnore,account_id.icp,qanyc-7kzau-fobop-ne47b-bfhvi-5pu4u-rhg2g-7ca5n-6nh3h-qdn6n-vqe
6969.ic,InsertOrIgnore,account_id.icp,bomo5-2mfg3-vu4e3-2h3ug-gimws-2eg7i-agqhn-c2wtk-l5oui-yeo36-jqe
bank.ic,InsertOrIgnore,account_id.icp,bomo5-2mfg3-vu4e3-2h3ug-gimws-2eg7i-agqhn-c2wtk-l5oui-yeo36-jqe
crowdgov.ic,InsertOrIgnore,account_id.icp,wukru-lzuhe-nthbk-ir2yy-os3zk-enky4-t2cav-fpojl-3yifl-qjn77-vqe
ethicp.ic,InsertOrIgnore,account_id.icp,mzm3g-natdl-p7nzb-gluhy-w7je5-i5rz4-cgkgk-bg7i2-z2kum-4mzny-uae
sexshop.ic,InsertOrIgnore,account_id.icp,xhwjk-wupm5-5nd6y-eedeh-w7og2-uw2wj-xyknm-g3qnb-2i3g3-xawwf-hqe
satoshi1.ic,InsertOrIgnore,principal.icp,fw22m-w7i7s-ay62i-veqnh-36lmq-7gjdv-yhxq4-wf4bv-6amz4-2glys-2ae
sembujung87.ic,InsertOrIgnore,principal.icp,f6l2b-qvtc7-5eb73-u6iab-rb4k4-izxug-y4g3x-b2uyr-nno77-w5h24-5ae
hwrd.ic,InsertOrIgnore,principal.icp,liykr-e3k6p-5f44j-w7fw3-oyj6z-55p4u-s5in7-aa637-zf5d6-zkpms-pae
igorbrasil.ic,InsertOrIgnore,principal.icp,heyio-7aet3-6ksq2-yveot-xmpiy-cyij4-2mc74-zttos-h7j7z-efdpz-rqe
olaitantm.ic,InsertOrIgnore,principal.icp,6rucj-dmper-aklx4-i5sro-wbp6r-nqb4g-ssoen-xsmnv-hbnwo-meyqu-fqe
libgen.ic,InsertOrIgnore,principal.icp,i3wcj-2gtmr-2iqng-ojtre-dppux-zcfqu-mln4q-lhniw-5mbwu-vymgz-rae
icpibtc.ic,InsertOrIgnore,principal.icp,z5tfs-klyix-7n2s3-iutem-vke32-5zaw2-bf5wa-bcnfv-q2lar-2t7le-kae
searchic.ic,InsertOrIgnore,principal.icp,vkavx-tothv-w3qwp-ppqhg-otcvs-gisgq-6kmlq-5fje7-vojcg-qmskk-2ae
kyotocoffee.ic,InsertOrIgnore,principal.icp,avugp-tmcm3-c2g7y-6kgef-cyil2-3mskn-wks6k-wc6t2-n5h63-etffj-7ae
poker.ic,InsertOrIgnore,principal.icp,bomo5-2mfg3-vu4e3-2h3ug-gimws-2eg7i-agqhn-c2wtk-l5oui-yeo36-jqe
antoniorellana.ic,InsertOrIgnore,principal.icp,p3djc-tvilu-hqrdh-kbnza-mk3s7-e3grx-u37vl-6mhhs-b5wy5-x5hpm-gqe
hassaku.ic,InsertOrIgnore,principal.icp,tglhf-erlvc-islgc-adq77-kagd6-34n3v-u6ise-a7iow-gke47-5uqc6-hqe
metapass.ic,InsertOrIgnore,principal.icp,lhuod-hdmaf-susrk-ceufk-wwxev-adz2g-54hyk-epcp2-ukdnp-fbkip-iqe
icmedalog.ic,InsertOrIgnore,principal.icp,6pr3l-cwwqq-b4n7n-bm3f4-azpnt-3ju5m-74dzo-svbov-czmbp-zlana-xqe
accuragen.ic,InsertOrIgnore,principal.icp,houv7-4pcce-c66kx-erjfw-3hu3m-r53nz-zk4ke-infsi-gzikb-rnxgb-bqe
onarcism.ic,InsertOrIgnore,principal.icp,v3xwz-kisxg-jic3y-fbidq-d4yl2-lcmzk-w6b5j-c2p7e-ec5ue-sw3fy-iqe
rambler.ic,InsertOrIgnore,principal.icp,eyqu4-4qlxw-btbh7-xylzw-eljmk-ldokn-zetud-gatfy-3anwg-2pkqm-uqe
000.ic,InsertOrIgnore,principal.icp,bomo5-2mfg3-vu4e3-2h3ug-gimws-2eg7i-agqhn-c2wtk-l5oui-yeo36-jqe
archie.ic,InsertOrIgnore,principal.icp,yecb4-ycezn-gqc3w-pchje-2rhrp-5l7r6-zme3s-fmuuq-t5gff-fen7g-hae
klasspro.ic,InsertOrIgnore,principal.icp,6ag6c-iz2ap-k32ux-hvvwe-vxhzp-igkcc-iwxgj-cjp2d-rv7pm-srkik-uqe
skole.ic,InsertOrIgnore,principal.icp,bomo5-2mfg3-vu4e3-2h3ug-gimws-2eg7i-agqhn-c2wtk-l5oui-yeo36-jqe
singlau.ic,InsertOrIgnore,principal.icp,q2k4c-3kge6-xd5du-tx2vx-74nlq-kkzyk-me47g-42fwy-v5kgl-ife3c-2ae
moonapp.ic,InsertOrIgnore,principal.icp,vooud-zl7se-keows-42age-b5yix-bwfoj-tnyko-rejab-o2hch-as7am-sae
paymewith.ic,InsertOrIgnore,principal.icp,c4mju-tost7-fxlfd-nmhd6-q5efi-xruga-cal7p-lg6iy-jiltf-xvcdb-fqe
cryptocard.ic,InsertOrIgnore,principal.icp,avbmn-v4cve-3kiho-feb6t-xzau6-chtdh-ynwi6-d7hxd-cthad-lepoj-dae
dacapableayo.ic,InsertOrIgnore,principal.icp,rlg7f-7arxx-widc3-lat7x-f6ffk-yz5u6-xgeql-n4umo-cs542-5boqv-4ae
job.ic,InsertOrIgnore,principal.icp,bomo5-2mfg3-vu4e3-2h3ug-gimws-2eg7i-agqhn-c2wtk-l5oui-yeo36-jqe
andrei.ic,InsertOrIgnore,principal.icp,3jbpx-to2bs-xjxqe-aiv5j-dpz56-xylyb-4yni6-l56u5-w5p7v-py6ch-gqe
brandlab.ic,InsertOrIgnore,principal.icp,iyb3j-mfvzd-nyu7v-m3kvb-q2rk5-nvozv-gaae6-ebdjd-sdzcq-lclig-iae
luffy.ic,InsertOrIgnore,principal.icp,vkexe-qkgpf-6rhqx-fmrxu-xnpan-bg66p-dhsia-3io7q-23rqh-uej7s-6qe
yuyuyu.ic,InsertOrIgnore,principal.icp,kxbd7-3z23e-gnmjv-c33bq-sqkpq-ous2j-sq2mb-z2olc-yxems-vu5to-oqe
robot.ic,InsertOrIgnore,principal.icp,7rypc-snjiu-fzskr-jyzvk-kxgdu-dl3s7-ykqcj-f6ppt-ff42h-bv7y2-qqe
yasai-furikake.ic,InsertOrIgnore,principal.icp,452wg-bvi37-h2ig7-egmea-5nfpv-6lmq4-5f3sd-jhxlr-2vodg-qlktz-4ae
0069.ic,InsertOrIgnore,principal.icp,bomo5-2mfg3-vu4e3-2h3ug-gimws-2eg7i-agqhn-c2wtk-l5oui-yeo36-jqe
dapps.ic,InsertOrIgnore,principal.icp,bomo5-2mfg3-vu4e3-2h3ug-gimws-2eg7i-agqhn-c2wtk-l5oui-yeo36-jqe
heng30.ic,InsertOrIgnore,principal.icp,ms7ts-zekct-5uxb5-k2ubk-6aqpb-qfhc2-u5u6f-hcib6-elbg2-6zxep-eae
cqwerty.ic,InsertOrIgnore,principal.icp,qrwpp-auweb-g542b-zxulr-wqq5p-uai3b-vujvu-u7kjj-7kbh4-ympbb-lae
play.ic,InsertOrIgnore,principal.icp,bomo5-2mfg3-vu4e3-2h3ug-gimws-2eg7i-agqhn-c2wtk-l5oui-yeo36-jqe
slayffin.ic,InsertOrIgnore,principal.icp,7p4f2-mwdsf-i4lyo-i7fkd-grfb2-nosfi-nh4gn-fuwkb-a5gdh-jh5y7-hqe
kurisu.ic,InsertOrIgnore,principal.icp,3d3of-wgym3-wnkja-6na5f-ty67a-ppvbu-elrx3-ykta2-3oyq3-5e4b6-fqe
mr-media.ic,InsertOrIgnore,principal.icp,yzjla-tbsk2-crj5l-ba3zk-okqzu-s4j3c-xnadv-u6dck-etn37-lyabm-dae
sport.ic,InsertOrIgnore,principal.icp,bomo5-2mfg3-vu4e3-2h3ug-gimws-2eg7i-agqhn-c2wtk-l5oui-yeo36-jqe
agent-js.ic,InsertOrIgnore,principal.icp,ycrxc-wiiym-cghia-slzam-ouyhd-4xojs-vrrug-fvcqd-aibag-22sup-pqe
jobs.ic,InsertOrIgnore,principal.icp,bomo5-2mfg3-vu4e3-2h3ug-gimws-2eg7i-agqhn-c2wtk-l5oui-yeo36-jqe
rieper-holm.ic,InsertOrIgnore,principal.icp,bomo5-2mfg3-vu4e3-2h3ug-gimws-2eg7i-agqhn-c2wtk-l5oui-yeo36-jqe
bitcoinglobal.ic,InsertOrIgnore,principal.icp,itlnn-iizde-xwra7-jr6p7-ucycn-iits4-fz3c7-5sqrf-7pwui-gy4yl-eqe
uddannelse.ic,InsertOrIgnore,principal.icp,bomo5-2mfg3-vu4e3-2h3ug-gimws-2eg7i-agqhn-c2wtk-l5oui-yeo36-jqe
sloth.ic,InsertOrIgnore,principal.icp,ut5ul-eij6p-oxjq7-je3gj-ctqwd-nlvs3-vqdwd-au3hu-6pqeg-gfkxz-uae
crypto0.ic,InsertOrIgnore,principal.icp,u7hlj-lors3-iemi2-fozji-3ibsz-e6mol-hzglu-5byym-zegz3-mq6fg-4ae
bakayaro.ic,InsertOrIgnore,principal.icp,nhl53-z3akc-alrfk-tjgvj-snjga-5xos5-6ohjg-k6nh6-m4rhq-mapys-nae
jjjjjjj.ic,InsertOrIgnore,principal.icp,xnoq2-rlsnn-tkbi6-vpatu-ckxmv-df7xf-kx4zm-rnj2q-e64g6-uwslw-eqe
entris.ic,InsertOrIgnore,principal.icp,6ag6c-iz2ap-k32ux-hvvwe-vxhzp-igkcc-iwxgj-cjp2d-rv7pm-srkik-uqe
kintsugi.ic,InsertOrIgnore,principal.icp,iolfx-xcizn-x7275-e3wkc-o7dta-v5myu-2jgn2-bxaqc-jh3c4-btu7w-gqe
khalina.ic,InsertOrIgnore,principal.icp,rcdok-u75r6-dw3eo-kzdpl-ang56-mols4-hc2st-ts76a-lha6o-cqqo7-gqe
blockarts.ic,InsertOrIgnore,principal.icp,gkx77-m4hty-2kcpr-4mfjs-2rjna-ajruv-xqqbb-nkepx-4p6co-nvtny-rae
petar.ic,InsertOrIgnore,principal.icp,3hlwz-ryk36-h73vh-ue23z-ljkyw-nsx5p-aqfvr-4b2f4-5r3zw-kgdfe-wae
mail.ic,InsertOrIgnore,principal.icp,bomo5-2mfg3-vu4e3-2h3ug-gimws-2eg7i-agqhn-c2wtk-l5oui-yeo36-jqe
yokohama.ic,InsertOrIgnore,principal.icp,6qkgz-qijof-zr7bj-zclhn-3gwu5-gx55d-6xhrk-uhq2w-dls73-cxas2-qqe
city.ic,InsertOrIgnore,principal.icp,bomo5-2mfg3-vu4e3-2h3ug-gimws-2eg7i-agqhn-c2wtk-l5oui-yeo36-jqe
astroboy.ic,InsertOrIgnore,principal.icp,5jmv2-rq47k-2zj5w-rrrmz-ftjin-4jf2l-hqlxd-6qrmq-xo6eq-ozzco-tqe
parents.ic,InsertOrIgnore,principal.icp,covzn-mggz7-lcbx4-o5syx-sno2s-65yxj-wnl2g-hyxqc-ebydt-sl3j5-eqe
aryshfahmi.ic,InsertOrIgnore,principal.icp,gifvn-egkm5-zi5zh-555qd-uhljn-dze2y-c4fse-7ddlu-uswc7-gpvvb-kqe
086010.ic,InsertOrIgnore,principal.icp,us36n-q745p-fxltt-6oydb-7l7zf-wtwtr-m2dil-iqkfu-vick2-dk64f-eqe
sowmarler.ic,InsertOrIgnore,principal.icp,v2x6g-3ugf3-vyl5x-gs6ir-u3z7p-khywx-qdugj-qwmx3-zgpuu-gns2y-uqe
replikant.ic,InsertOrIgnore,principal.icp,xp7em-7gh3h-ho76n-wsqpg-tyapy-ye5ay-dvhat-gesra-pqxdp-mbujz-4qe
edu.ic,InsertOrIgnore,principal.icp,bomo5-2mfg3-vu4e3-2h3ug-gimws-2eg7i-agqhn-c2wtk-l5oui-yeo36-jqe
janosch.ic,InsertOrIgnore,principal.icp,nazwi-zyjsg-hxu6q-siwp2-wrnrx-lmno2-26yuq-hz273-wxfnm-gpkiz-iae
nftfloor.ic,InsertOrIgnore,principal.icp,ojazv-he2wj-bmvkr-rkuzf-befzn-obinb-v37i6-v3u43-7yqo2-wy2ad-lae
padambaral.ic,InsertOrIgnore,principal.icp,it7fc-hdqdv-aq3kh-gmxcd-nakhu-jqwz4-4badk-esbcp-ylfjl-c5hbk-gae
the-qrl.ic,InsertOrIgnore,principal.icp,wlkf4-v4y6m-eyk2g-l353j-vsbb3-7qgde-zceo7-nnadh-ujkzf-hvsvx-3qe
betaling.ic,InsertOrIgnore,principal.icp,bomo5-2mfg3-vu4e3-2h3ug-gimws-2eg7i-agqhn-c2wtk-l5oui-yeo36-jqe
yoshinori.ic,InsertOrIgnore,principal.icp,smpi3-lfmp6-7vi2v-mgyty-uhfub-ysyaz-5jvbr-73ixq-tx6jg-3enm2-hae
catpirate.ic,InsertOrIgnore,principal.icp,y6b2g-u7apn-hbkzx-vbnfl-oj5ca-35ppe-duz7r-4q5rw-x6z6j-pyeto-oqe
karinchan.ic,InsertOrIgnore,principal.icp,lb4jl-utfao-hrfpw-qlyux-evp7u-ne472-g65zx-z2wkn-r54qt-lqnhf-jqe
oxygenn.ic,InsertOrIgnore,principal.icp,4yz7v-lo7ea-3l3d4-ia4n7-gmkwp-4yypb-crq7z-tw4a3-vijqg-ctq45-mae
ukaznil.ic,InsertOrIgnore,principal.icp,2rgb2-exq2i-2ofdz-vpzfg-na34v-q54mf-kmvwz-r6dwk-jmfrl-rz4o7-tqe
bynance.ic,InsertOrIgnore,principal.icp,i7qpd-fadro-tsrzy-3q6lu-fbycc-ie56k-mmadn-vb7aa-khmdo-sfzhz-fqe
izzyfrkz.ic,InsertOrIgnore,principal.icp,3iocm-ibsj7-7ifej-yzilx-ninyd-bxfmv-ksnd2-5hks3-za43x-ru4xz-mqe
idomin8ion.ic,InsertOrIgnore,principal.icp,ewi4d-jt5dc-m2izi-qspgh-bygjv-tecbp-mllv3-sd6ti-4frch-rxl6r-rae
ikuyriet.ic,InsertOrIgnore,principal.icp,ym4zt-t5y5z-qpp3c-fxvpv-xcdrk-52bwn-xr6ap-kjl2z-7dygv-x5fik-yqe
sausagedog.ic,InsertOrIgnore,principal.icp,bis7f-f44mv-jvolg-qwo2u-h7aeu-u4wj6-lpvhb-vci3j-yqy3v-f7mwp-7ae
duchieu2k2.ic,InsertOrIgnore,principal.icp,kmsmu-lk3pj-lsldb-4j4hx-5ybkz-hwvoi-3tzhh-xiibv-zk7so-o4xzx-kqe
pisceann29.ic,InsertOrIgnore,principal.icp,mltkm-zgf33-zbsdz-ycp6h-epvkh-qzazi-n2jl6-c4s67-27lf2-vnrgv-xqe
sundhed.ic,InsertOrIgnore,principal.icp,bomo5-2mfg3-vu4e3-2h3ug-gimws-2eg7i-agqhn-c2wtk-l5oui-yeo36-jqe
sportsreader.ic,InsertOrIgnore,principal.icp,bomo5-2mfg3-vu4e3-2h3ug-gimws-2eg7i-agqhn-c2wtk-l5oui-yeo36-jqe
ooooooo.ic,InsertOrIgnore,principal.icp,xnoq2-rlsnn-tkbi6-vpatu-ckxmv-df7xf-kx4zm-rnj2q-e64g6-uwslw-eqe
jensina.ic,InsertOrIgnore,principal.icp,xnoq2-rlsnn-tkbi6-vpatu-ckxmv-df7xf-kx4zm-rnj2q-e64g6-uwslw-eqe
trinity500.ic,InsertOrIgnore,principal.icp,57x7a-63cov-lyuvt-kj2ru-yjzef-g27tq-x435c-tqyqv-hnbqv-q5bew-mqe
morubase.ic,InsertOrIgnore,principal.icp,qanyc-7kzau-fobop-ne47b-bfhvi-5pu4u-rhg2g-7ca5n-6nh3h-qdn6n-vqe
6969.ic,InsertOrIgnore,principal.icp,bomo5-2mfg3-vu4e3-2h3ug-gimws-2eg7i-agqhn-c2wtk-l5oui-yeo36-jqe
bank.ic,InsertOrIgnore,principal.icp,bomo5-2mfg3-vu4e3-2h3ug-gimws-2eg7i-agqhn-c2wtk-l5oui-yeo36-jqe
crowdgov.ic,InsertOrIgnore,principal.icp,wukru-lzuhe-nthbk-ir2yy-os3zk-enky4-t2cav-fpojl-3yifl-qjn77-vqe
ethicp.ic,InsertOrIgnore,principal.icp,mzm3g-natdl-p7nzb-gluhy-w7je5-i5rz4-cgkgk-bg7i2-z2kum-4mzny-uae
sexshop.ic,InsertOrIgnore,principal.icp,xhwjk-wupm5-5nd6y-eedeh-w7og2-uw2wj-xyknm-g3qnb-2i3g3-xawwf-hqe
