name,value
padambaral.ic,it7fc-hdqdv-aq3kh-gmxcd-nakhu-jqwz4-4badk-esbcp-ylfjl-c5hbk-gae
mikito.ic,ngewy-y5ylt-lhfyq-qousj-phohd-hhh7v-qgt45-5ghd6-ageex-gggtw-sqe
donaltrump.ic,h6mqi-5hj4t-4tdqm-dfqa6-dfmdb-fvf23-i44dl-pq3zu-hpoty-r4fkm-7ae
thienphuc68.ic,aghqy-pz7pc-t5bb7-qusbn-hovr4-fhzuz-vgbnk-nwsz5-ovldx-4qmzo-5qe
dacapableayo.ic,rlg7f-7arxx-widc3-lat7x-f6ffk-yz5u6-xgeql-n4umo-cs542-5boqv-4ae
coderlu.ic,ht6ms-de2hd-lp5ci-44dvu-6qrae-p53be-khnyn-jobsr-m3g6c-ksr5w-qae
goodman.ic,uyrhg-t23vc-bl6pv-6obcp-dyhpe-pajbm-3ssmz-kn4u4-rrois-3kqsj-cqe
izzyfrkz.ic,3iocm-ibsj7-7ifej-yzilx-ninyd-bxfmv-ksnd2-5hks3-za43x-ru4xz-mqe
zenoff.ic,psxfz-hz4s5-5u3uc-pkimx-huvuv-xpdlq-nbg2j-w6vxq-a7s3d-mdqdj-lqe
yngscc.ic,iz7nr-lwfhu-wlrch-kzwyv-ni463-g4pzd-m27dk-qbe65-idlvm-lgftc-bae
dfinityindonesia.ic,yua7d-zyhtc-iedqe-6izbx-45ryj-buyyn-rzs4k-kqgv4-2dhjy-lbdki-aqe
pocker.ic,pkxvx-hzc76-35746-u3cto-winkr-araa7-rfo7r-6rwyd-kiddm-dwg7i-dae
code.ic,qwuix-zpdwr-xlrcs-wvm47-hv2bm-33as7-wmvrr-w6tkr-24v5y-qj6mr-gae
pisceann29.ic,mltkm-zgf33-zbsdz-ycp6h-epvkh-qzazi-n2jl6-c4s67-27lf2-vnrgv-xqe
mcdonalds.ic,whcv3-dmvyy-tdhd5-73mvc-nbkyn-yqhoj-7s2ct-i5z4e-t5b2z-lhppz-fae
kunge.ic,z6cky-tprgj-mfq57-ahgek-twgfa-txxrl-xoznr-ejcfr-c4pbv-brejd-sqe
olaitantm.ic,6rucj-dmper-aklx4-i5sro-wbp6r-nqb4g-ssoen-xsmnv-hbnwo-meyqu-fqe
1024.ic,4t5nl-xofbb-rik7q-e4x4i-27v2t-2kk3k-p5mlz-yoiil-ayjsz-akkqc-hae
icworks.ic,q5v6n-oe5gc-eo44b-ld2pl-dsipe-qe4sc-b2rqa-usnip-huye6-w5o26-3ae
shogaku.ic,6qkgz-qijof-zr7bj-zclhn-3gwu5-gx55d-6xhrk-uhq2w-dls73-cxas2-qqe
arshiags.ic,byu5b-rc2re-7fqof-tyicq-jp4bi-227qx-4ays7-tmozu-c3euy-zabs3-rae
robot.ic,7rypc-snjiu-fzskr-jyzvk-kxgdu-dl3s7-ykqcj-f6ppt-ff42h-bv7y2-qqe
yisosds.ic,k6bk6-7sc27-elmku-douv2-cv5e7-z5u23-55llu-4bjox-rxhib-b7mmy-bqe
singlau.ic,q2k4c-3kge6-xd5du-tx2vx-74nlq-kkzyk-me47g-42fwy-v5kgl-ife3c-2ae
086010.ic,us36n-q745p-fxltt-6oydb-7l7zf-wtwtr-m2dil-iqkfu-vick2-dk64f-eqe
onarcism.ic,v3xwz-kisxg-jic3y-fbidq-d4yl2-lcmzk-w6b5j-c2p7e-ec5ue-sw3fy-iqe
ikuyriet.ic,ym4zt-t5y5z-qpp3c-fxvpv-xcdrk-52bwn-xr6ap-kjl2z-7dygv-x5fik-yqe
archie.ic,yecb4-ycezn-gqc3w-pchje-2rhrp-5l7r6-zme3s-fmuuq-t5gff-fen7g-hae
sample.ic,vjzdc-b6dwc-2nimx-6mquu-t6lqe-kqg5y-nbjih-f3q45-xn73s-43xev-tqe
burning.ic,kd2m6-mtz3m-5ub6g-4d2b5-musrf-l3p5m-gpcsb-qobrz-e6b6z-arsyl-lqe
eric.ic,iyb3j-mfvzd-nyu7v-m3kvb-q2rk5-nvozv-gaae6-ebdjd-sdzcq-lclig-iae
stryk3r.ic,n6hjl-5reza-sb7gr-pyqqp-wl4qh-m5h7n-t2up4-fkekc-owuce-5ym4a-eqe
crypto0.ic,u7hlj-lors3-iemi2-fozji-3ibsz-e6mol-hzglu-5byym-zegz3-mq6fg-4ae
icpibtc.ic,z5tfs-klyix-7n2s3-iutem-vke32-5zaw2-bf5wa-bcnfv-q2lar-2t7le-kae
witter.ic,edz2g-m7n2v-pcs5h-a3suw-emlie-5fzvt-rdf7w-flhlj-ach7m-75ovq-iae
syogaku.ic,bykmj-b4z7v-327oc-mnyvf-hh3yl-3x2kf-kghp6-klwxu-ge6bx-rcbof-dae
libgen.ic,i3wcj-2gtmr-2iqng-ojtre-dppux-zcfqu-mln4q-lhniw-5mbwu-vymgz-rae
alghifary.ic,65dlh-dvzib-ev3sk-xmqps-tnyb3-sefzt-jnfgb-fo2yf-v5nyh-qtl5b-hqe
sloth.ic,ut5ul-eij6p-oxjq7-je3gj-ctqwd-nlvs3-vqdwd-au3hu-6pqeg-gfkxz-uae
durability.ic,sqb3c-3vvfm-qipsp-5jvzk-co6me-othav-quqml-dpjp2-vxjxo-ilfne-4ae
juanmurillo.ic,6tasy-6x2fr-bicno-b6eg5-6qfev-gvknb-xm3yl-6rpwa-qsifo-falpg-gqe
accuragen.ic,houv7-4pcce-c66kx-erjfw-3hu3m-r53nz-zk4ke-infsi-gzikb-rnxgb-bqe
perpswap.ic,eevkr-iw42h-p3ppg-6i52u-yftuc-ycnyg-yekxv-bj7ju-oodxu-vxurw-5ae
shinigami.ic,gxn63-iah7l-tgvpv-caezp-4fnjh-yqdoj-arvk2-2o26e-i5ix5-fdo6m-2qe
0x0369.ic,mjt2h-chgr4-4b27l-7mgtp-cymmw-ngghn-5mrfi-lsney-kfda4-rbr6k-bae
junkei.ic,jgshi-nbz46-yskr6-d3slz-yjb7p-pwbmw-jzius-4tx5h-fyymq-hykqc-7qe
crypto3d.ic,wuoth-3dgy6-xslah-aq4ec-qppgj-m3y4n-no5vy-sqpgz-jzert-3svoy-yqe
xensixt.ic,keqbu-uvksm-mg4aq-wsvdb-sh76u-aj6nr-5uspo-ui2mu-vpcx2-3c6xm-qqe
paymewith.ic,c4mju-tost7-fxlfd-nmhd6-q5efi-xruga-cal7p-lg6iy-jiltf-xvcdb-fqe
sexshop.ic,xhwjk-wupm5-5nd6y-eedeh-w7og2-uw2wj-xyknm-g3qnb-2i3g3-xawwf-hqe
morubase.ic,qanyc-7kzau-fobop-ne47b-bfhvi-5pu4u-rhg2g-7ca5n-6nh3h-qdn6n-vqe
found.ic,ctxqq-l6ugf-l432a-qmiad-zelvh-pxz6l-sbd5y-dwalo-32i2c-62ida-6qe
icplab.ic,o3kxg-e2ie3-udfju-qqod5-27f53-f7ro7-wg7gf-gyfnk-uehzt-iwldg-yqe
lastmelody.ic,4x6t4-csy5l-wkjkb-jnw4y-np6op-7bieb-z2zj6-ktrv4-4kepg-7tnub-mae
nguyenduny.ic,bp5cg-nlcqx-e37zg-rjpvb-idjiw-xowj5-gsahb-i27qn-rt32t-2p3sv-dqe
imranmahmudshoiball.ic,mbvrh-sjobj-xrkyw-kqzcd-ovcx3-luonz-fx6zh-zjtcn-nrfge-2dqgx-qae
ncol-one.ic,dyxp3-nidfg-7fqb2-q7v24-4eut4-y7sk5-yfmv5-zubcq-tcxil-zah4s-iqe
xiaolang.ic,kksra-po2li-axv4z-27fqq-rxiya-qytvb-eyltb-hv3xl-sukk5-xjzhj-bae
petar.ic,3hlwz-ryk36-h73vh-ue23z-ljkyw-nsx5p-aqfvr-4b2f4-5r3zw-kgdfe-wae
wow0396.ic,cefkm-cts67-cendn-mipz6-gfidx-gxtdy-xgqt2-gckh5-p7tw6-bqabf-mqe
520.ic,lvrzz-7xosn-hp7i3-yvyfu-xlkw6-353xl-aaq7u-6x56h-jhd52-y666g-kae
bakayaro.ic,nhl53-z3akc-alrfk-tjgvj-snjga-5xos5-6ohjg-k6nh6-m4rhq-mapys-nae
rieper-holm.ic,bomo5-2mfg3-vu4e3-2h3ug-gimws-2eg7i-agqhn-c2wtk-l5oui-yeo36-jqe
dcrypto.ic,nbyui-m667b-xjogl-6qxgz-2vfsp-4n4xy-alkya-4kpid-mtidv-yjpsi-fqe
tomato.ic,esvgk-ohsms-rmefa-tuos4-fmo2k-rcyim-4jggo-view2-krx2f-4c7wu-aqe
stephan.ic,fiepl-jvdhe-jxz4i-rzwfl-b4i4a-7skce-lngys-ratki-gj6o7-vryhl-xqe
